{
    "2": {
        "latency_s": 3.5168364190030843,
        "reward": 1.0
    },
    "44": {
        "latency_s": 3.503859366988763,
        "reward": 1.0
    },
    "13": {
        "latency_s": 3.5992552129318938,
        "reward": 1.0
    },
    "8": {
        "latency_s": 3.845505726058036,
        "reward": 1.0
    },
    "81": {
        "latency_s": 3.6236287159845233,
        "reward": 1.0
    },
    "75": {
        "latency_s": 3.6452245820546523,
        "reward": 1.0
    },
    "65": {
        "latency_s": 5.082320235087536,
        "reward": 1.0
    },
    "42": {
        "latency_s": 5.1615451130783185,
        "reward": 1.0
    },
    "12": {
        "latency_s": 6.104152970016003,
        "reward": 1.0
    },
    "30": {
        "latency_s": 6.049970660940744,
        "reward": 1.0
    },
    "59": {
        "latency_s": 5.968189578969032,
        "reward": 1.0
    },
    "51": {
        "latency_s": 5.999026846024208,
        "reward": 1.0
    },
    "26": {
        "latency_s": 6.077147783944383,
        "reward": 1.0
    },
    "32": {
        "latency_s": 6.068407015991397,
        "reward": 1.0
    },
    "5": {
        "latency_s": 6.1532146339304745,
        "reward": 1.0
    },
    "40": {
        "latency_s": 6.047421201015823,
        "reward": 1.0
    },
    "34": {
        "latency_s": 6.077399089932442,
        "reward": 1.0
    },
    "20": {
        "latency_s": 6.129329312010668,
        "reward": 1.0
    },
    "7": {
        "latency_s": 6.168453376041725,
        "reward": 1.0
    },
    "147": {
        "latency_s": 5.731732544023544,
        "reward": 1.0
    },
    "31": {
        "latency_s": 6.101851408020593,
        "reward": 1.0
    },
    "0": {
        "latency_s": 6.614533572923392,
        "reward": 1.0
    },
    "123": {
        "latency_s": 6.427548237028532,
        "reward": 1.0
    },
    "46": {
        "latency_s": 7.037585265934467,
        "reward": 1.0
    },
    "19": {
        "latency_s": 7.240368054015562,
        "reward": 1.0
    },
    "82": {
        "latency_s": 7.047531293006614,
        "reward": 1.0
    },
    "71": {
        "latency_s": 7.088025934994221,
        "reward": 1.0
    },
    "50": {
        "latency_s": 7.156641622073948,
        "reward": 1.0
    },
    "29": {
        "latency_s": 7.222278551082127,
        "reward": 1.0
    },
    "78": {
        "latency_s": 7.0903905489249155,
        "reward": 1.0
    },
    "70": {
        "latency_s": 7.294019056018442,
        "reward": 1.0
    },
    "36": {
        "latency_s": 7.401230772025883,
        "reward": 1.0
    },
    "48": {
        "latency_s": 7.578343739965931,
        "reward": 1.0
    },
    "15": {
        "latency_s": 8.64267659408506,
        "reward": 1.0
    },
    "55": {
        "latency_s": 8.519650436937809,
        "reward": 1.0
    },
    "62": {
        "latency_s": 8.50102062697988,
        "reward": 1.0
    },
    "169": {
        "latency_s": 9.444654201972298,
        "reward": 1.0
    },
    "58": {
        "latency_s": 10.917916676960886,
        "reward": 1.0
    },
    "33": {
        "latency_s": 11.357108365977183,
        "reward": 1.0
    },
    "54": {
        "latency_s": 11.294867763062939,
        "reward": 1.0
    },
    "9": {
        "latency_s": 12.222017250023782,
        "reward": 1.0
    },
    "57": {
        "latency_s": 12.445489999023266,
        "reward": 1.0
    },
    "52": {
        "latency_s": 14.733860232983716,
        "reward": 1.0
    },
    "77": {
        "latency_s": 15.054183243075386,
        "reward": 1.0
    },
    "107": {
        "latency_s": 16.72511916793883,
        "reward": 1.0
    },
    "166": {
        "latency_s": 18.485265664057806,
        "reward": 0.0
    },
    "172": {
        "latency_s": 18.46840416395571,
        "reward": 0.0
    },
    "116": {
        "latency_s": 19.086363447946496,
        "reward": 0.0
    },
    "134": {
        "latency_s": 19.483821148984134,
        "reward": 0.0
    },
    "148": {
        "latency_s": 19.884932772954926,
        "reward": 0.0
    },
    "144": {
        "latency_s": 20.3243967150338,
        "reward": 0.0
    },
    "157": {
        "latency_s": 20.290507807047106,
        "reward": 0.0
    },
    "60": {
        "latency_s": 21.468558889930137,
        "reward": 1.0
    },
    "112": {
        "latency_s": 22.141082311049104,
        "reward": 0.0
    },
    "163": {
        "latency_s": 21.996379878022708,
        "reward": 0.0
    },
    "56": {
        "latency_s": 23.20905566890724,
        "reward": 0.0
    },
    "41": {
        "latency_s": 24.151308057946153,
        "reward": 0.0
    },
    "160": {
        "latency_s": 23.77454871905502,
        "reward": 0.0
    },
    "23": {
        "latency_s": 24.632173942984082,
        "reward": 1.0
    },
    "170": {
        "latency_s": 24.17364621302113,
        "reward": 0.0
    },
    "35": {
        "latency_s": 25.048318531014957,
        "reward": 0.0
    },
    "119": {
        "latency_s": 24.784806879004464,
        "reward": 0.0
    },
    "66": {
        "latency_s": 24.962943905964494,
        "reward": 0.0
    },
    "130": {
        "latency_s": 25.17712762206793,
        "reward": 0.0
    },
    "120": {
        "latency_s": 25.208735910942778,
        "reward": 0.0
    },
    "150": {
        "latency_s": 26.422976040048525,
        "reward": 0.0
    },
    "137": {
        "latency_s": 26.918963222997263,
        "reward": 0.0
    },
    "156": {
        "latency_s": 27.29382937599439,
        "reward": 0.0
    },
    "153": {
        "latency_s": 27.745182125014253,
        "reward": 0.0
    },
    "152": {
        "latency_s": 28.62772936397232,
        "reward": 0.0
    },
    "127": {
        "latency_s": 28.70369884907268,
        "reward": 0.0
    },
    "39": {
        "latency_s": 30.28461522399448,
        "reward": 0.0
    },
    "146": {
        "latency_s": 30.388986654928885,
        "reward": 0.0
    },
    "101": {
        "latency_s": 30.553821551031433,
        "reward": 0.0
    },
    "67": {
        "latency_s": 31.14336490596179,
        "reward": 0.0
    },
    "73": {
        "latency_s": 31.675100503955036,
        "reward": 0.0
    },
    "142": {
        "latency_s": 31.45581494201906,
        "reward": 0.0
    },
    "11": {
        "latency_s": 32.418693393003196,
        "reward": 0.0
    },
    "145": {
        "latency_s": 32.578996419906616,
        "reward": 0.0
    },
    "149": {
        "latency_s": 33.106707595987245,
        "reward": 0.0
    },
    "53": {
        "latency_s": 33.41340434702579,
        "reward": 1.0
    },
    "100": {
        "latency_s": 33.793954476946965,
        "reward": 1.0
    },
    "79": {
        "latency_s": 33.870968279079534,
        "reward": 0.0
    },
    "89": {
        "latency_s": 33.835645810933784,
        "reward": 0.0
    },
    "90": {
        "latency_s": 33.833877049037255,
        "reward": 0.0
    },
    "10": {
        "latency_s": 34.085350862005726,
        "reward": 0.0
    },
    "92": {
        "latency_s": 34.91678704100195,
        "reward": 0.0
    },
    "128": {
        "latency_s": 35.309680600999855,
        "reward": 0.0
    },
    "168": {
        "latency_s": 35.19455293600913,
        "reward": 0.0
    },
    "121": {
        "latency_s": 35.33488458907232,
        "reward": 0.0
    },
    "76": {
        "latency_s": 36.00768534303643,
        "reward": 0.0
    },
    "131": {
        "latency_s": 36.34145254699979,
        "reward": 0.0
    },
    "72": {
        "latency_s": 37.05043473793194,
        "reward": 1.0
    },
    "61": {
        "latency_s": 38.10134110797662,
        "reward": 0.0
    },
    "126": {
        "latency_s": 41.03848155902233,
        "reward": 0.0
    },
    "139": {
        "latency_s": 41.00124655698892,
        "reward": 0.0
    },
    "132": {
        "latency_s": 41.02338847599458,
        "reward": 0.0
    },
    "155": {
        "latency_s": 41.483395001036115,