{
    "62": {
        "latency_s": 15.208007514942437,
        "reward": 0.0
    },
    "45": {
        "latency_s": 24.05899469112046,
        "reward": 0.0
    },
    "22": {
        "latency_s": 24.13552548014559,
        "reward": 0.0
    },
    "36": {
        "latency_s": 27.453918921062723,
        "reward": 0.0
    },
    "24": {
        "latency_s": 27.506945831002668,
        "reward": 0.0
    },
    "39": {
        "latency_s": 27.78734531183727,
        "reward": 0.0
    },
    "30": {
        "latency_s": 28.8110203940887,
        "reward": 0.0
    },
    "25": {
        "latency_s": 31.931219307007268,
        "reward": 0.0
    },
    "77": {
        "latency_s": 35.040997018804774,
        "reward": 0.0
    },
    "11": {
        "latency_s": 41.195244238944724,
        "reward": 0.0
    },
    "32": {
        "latency_s": 41.18521003588103,
        "reward": 0.0
    },
    "40": {
        "latency_s": 42.60921133705415,
        "reward": 0.0
    },
    "15": {
        "latency_s": 43.14384305407293,
        "reward": 0.0
    },
    "35": {
        "latency_s": 43.5885348089505,
        "reward": 0.0
    },
    "38": {
        "latency_s": 44.148375942138955,
        "reward": 0.0
    },
    "53": {
        "latency_s": 44.15712872589938,
        "reward": 0.0
    },
    "2": {
        "latency_s": 44.32288167299703,
        "reward": 0.0
    },
    "29": {
        "latency_s": 44.97636242303997,
        "reward": 0.0
    },
    "19": {
        "latency_s": 45.18981910008006,
        "reward": 0.0
    },
    "1": {
        "latency_s": 46.06750336801633,
        "reward": 0.0
    },
    "26": {
        "latency_s": 46.10377989895642,
        "reward": 0.0
    },
    "8": {
        "latency_s": 47.445163005031645,
        "reward": 0.0
    },
    "83": {
        "latency_s": 47.31109998305328,
        "reward": 0.0
    },
    "96": {
        "latency_s": 47.96138832694851,
        "reward": 0.0
    },
    "75": {
        "latency_s": 48.055661184946075,
        "reward": 0.0
    },
    "31": {
        "latency_s": 48.578982007922605,
        "reward": 0.0
    },
    "87": {
        "latency_s": 49.014421249972656,
        "reward": 0.0
    },
    "10": {
        "latency_s": 49.42900835885666,
        "reward": 0.0
    },
    "42": {
        "latency_s": 49.626616165973246,
        "reward": 0.0
    },
    "88": {
        "latency_s": 51.259875286137685,
        "reward": 0.0
    },
    "57": {
        "latency_s": 51.46215150388889,
        "reward": 0.0
    },
    "3": {
        "latency_s": 52.062138409819454,
        "reward": 0.0
    },
    "79": {
        "latency_s": 52.264331868849695,
        "reward": 0.0
    },
    "63": {
        "latency_s": 52.67800410091877,
        "reward": 0.0
    },
    "80": {
        "latency_s": 52.86811489704996,
        "reward": 0.0
    },
    "0": {
        "latency_s": 53.19988567684777,
        "reward": 0.0
    },
    "48": {
        "latency_s": 53.75350068020634,
        "reward": 0.0
    },
    "6": {
        "latency_s": 54.57385717402212,
        "reward": 0.0
    },
    "12": {
        "latency_s": 54.79465380497277,
        "reward": 0.0
    },
    "78": {
        "latency_s": 62.17028710898012,
        "reward": 0.0
    },
    "69": {
        "latency_s": 63.543652277905494,
        "reward": 0.0
    },
    "47": {
        "latency_s": 63.618932308861986,
        "reward": 0.0
    },
    "9": {
        "latency_s": 69.03644833294675,
        "reward": 0.0
    },
    "64": {
        "latency_s": 70.2415038459003,
        "reward": 0.0
    },
    "5": {
        "latency_s": 71.00907851289958,
        "reward": 0.0
    },
    "21": {
        "latency_s": 76.22545956284739,
        "reward": 0.0
    },
    "85": {
        "latency_s": 77.250767783029,
        "reward": 0.0
    },
    "65": {
        "latency_s": 80.8524664491415,
        "reward": 0.0
    },
    "49": {
        "latency_s": 81.2722854630556,
        "reward": 0.0
    },
    "55": {
        "latency_s": 81.42772037396207,
        "reward": 0.0
    },
    "73": {
        "latency_s": 81.42577182408422,
        "reward": 0.0
    },
    "74": {
        "latency_s": 81.94738756888546,
        "reward": 0.0
    },
    "91": {
        "latency_s": 84.2592913468834,
        "reward": 0.0
    },
    "95": {
        "latency_s": 84.3715640339069,
        "reward": 0.0
    },
    "20": {
        "latency_s": 84.71461066300981,
        "reward": 0.0
    },
    "41": {
        "latency_s": 84.71194075304084,
        "reward": 0.0
    },
    "71": {
        "latency_s": 84.90150636201724,
        "reward": 0.0
    },
    "90": {
        "latency_s": 86.0050174659118,
        "reward": 0.0
    },
    "27": {
        "latency_s": 86.84780042083003,
        "reward": 0.0
    },
    "86": {
        "latency_s": 87.16113114496693,
        "reward": 0.0
    },
    "98": {
        "latency_s": 87.5797731471248,
        "reward": 0.0
    },
    "14": {
        "latency_s": 87.85310162580572,
        "reward": 0.0
    },
    "66": {
        "latency_s": 87.77061903802678,
        "reward": 0.0
    },
    "89": {
        "latency_s": 87.76288960711099,
        "reward": 0.0
    },
    "23": {
        "latency_s": 88.78002088610083,
        "reward": 0.0
    },
    "51": {
        "latency_s": 88.80656096991152,
        "reward": 0.0
    },
    "70": {
        "latency_s": 89.15876150201075,
        "reward": 0.0
    },
    "58": {
        "latency_s": 89.26890388596803,
        "reward": 0.0
    },
    "92": {
        "latency_s": 89.27252383506857,
        "reward": 0.0
    },
    "67": {
        "latency_s": 89.53110389295034,
        "reward": 0.0
    },
    "16": {
        "latency_s": 89.82041997998022,
        "reward": 0.0
    },
    "93": {
        "latency_s": 89.90019872505218,
        "reward": 0.0
    },
    "94": {
        "latency_s": 90.06530579202808,
        "reward": 0.0
    },
    "61": {
        "latency_s": 90.38865880388767,
        "reward": 0.0
    },
    "99": {
        "latency_s": 90.33047465281561,
        "reward": 0.0
    },
    "59": {
        "latency_s": 90.63154474506155,
        "reward": 0.0
    },
    "82": {
        "latency_s": 90.72775058704428,
        "reward": 0.0
    },
    "4": {
        "latency_s": 91.03436180506833,
        "reward": 0.0
    },
    "46": {
        "latency_s": 90.99551393603906,
        "reward": 0.0
    },
    "68": {
        "latency_s": 91.12932690908201,
        "reward": 0.0
    },
    "7": {
        "latency_s": 91.60245277103968,
        "reward": 0.0
    },
    "33": {
        "latency_s": 91.76485937112011,
        "reward": 0.0
    },
    "13": {
        "latency_s": 93.34262107615359,
        "reward": 0.0
    },
    "34": {
        "latency_s": 93.83792183012702,
        "reward": 0.0
    },
    "54": {
        "latency_s": 95.30402733222581,
        "reward": 0.0
    },
    "84": {
        "latency_s": 95.29469622299075,
        "reward": 0.0
    },
    "72": {
        "latency_s": 95.79386273515411,
        "reward": 0.0
    },
    "37": {
        "latency_s": 96.30139456107281,
        "reward": 0.0
    },
    "28": {
        "latency_s": 97.06087544700131,
        "reward": 0.0
    },
    "50": {
        "latency_s": 97.42528824298643,
        "reward": 0.0
    },
    "56": {
        "latency_s": 97.83056350797415,
        "reward": 0.0
    },
    "18": {
        "latency_s": 98.27127562905662,
        "reward": 0.0
    },
    "44": {
        "latency_s": 99.68208109703846,
        "reward": 0.0
    },
    "43": {
        "latency_s": 99.76676670298912,
        "reward": 0.0
    },
    "76": {
        "latency_s": 101.57344885612838,
        "reward": 0.0
    },
    "60": {
        "latency_s": 102.81948208902031,
        "reward": 0.0
    },
    "52": {
        "latency_s": 129.8570214298088,
        "reward": 0.0
    },
    "97": {
        "latency_s": 129.8285744979512,
        "reward": 0.0
    },
    "17": {
        "latency_s": 139.92816871404648,