{
    "8": {
        "latency_s": 5.744603151048068,
        "reward": 1.0
    },
    "13": {
        "latency_s": 4.822742805990856,
        "reward": 1.0
    },
    "65": {
        "latency_s": 8.408629944024142,
        "reward": 1.0
    },
    "2": {
        "latency_s": 6.618078497005627,
        "reward": 1.0
    },
    "26": {
        "latency_s": 4.8830623690155335,
        "reward": 1.0
    },
    "44": {
        "latency_s": 9.3068441899959,
        "reward": 1.0
    },
    "81": {
        "latency_s": 10.771170648979023,
        "reward": 1.0
    },
    "30": {
        "latency_s": 11.10457010898972,
        "reward": 1.0
    },
    "42": {
        "latency_s": 10.879076651996002,
        "reward": 1.0
    },
    "148": {
        "latency_s": 13.49856734497007,
        "reward": 1.0
    },
    "75": {
        "latency_s": 13.966526519972831,
        "reward": 1.0
    },
    "56": {
        "latency_s": 17.458590618974995,
        "reward": 1.0
    },
    "32": {
        "latency_s": 11.65851387695875,
        "reward": 1.0
    },
    "59": {
        "latency_s": 12.495484375976957,
        "reward": 1.0
    },
    "51": {
        "latency_s": 14.302827447012533,
        "reward": 1.0
    },
    "41": {
        "latency_s": 16.559514244960155,
        "reward": 1.0
    },
    "20": {
        "latency_s": 21.071924634976313,
        "reward": 1.0
    },
    "12": {
        "latency_s": 4.10913601401262,
        "reward": 1.0
    },
    "58": {
        "latency_s": 13.274967656005174,
        "reward": 1.0
    },
    "5": {
        "latency_s": 16.758154739974998,
        "reward": 1.0
    },
    "29": {
        "latency_s": 14.210789649980143,
        "reward": 1.0
    },
    "71": {
        "latency_s": 15.60196266300045,
        "reward": 1.0
    },
    "19": {
        "latency_s": 15.644423328049015,
        "reward": 1.0
    },
    "36": {
        "latency_s": 16.30120182596147,
        "reward": 1.0
    },
    "68": {
        "latency_s": 27.846238524012733,
        "reward": 1.0
    },
    "76": {
        "latency_s": 15.872547730978113,
        "reward": 1.0
    },
    "78": {
        "latency_s": 24.402502103999723,
        "reward": 1.0
    },
    "0": {
        "latency_s": 16.232518602977507,
        "reward": 1.0
    },
    "66": {
        "latency_s": 118.21566654398339,
        "reward": 1.0
    },
    "34": {
        "latency_s": 18.12204114999622,
        "reward": 1.0
    },
    "62": {
        "latency_s": 30.927040337002836,
        "reward": 1.0
    },
    "48": {
        "latency_s": 17.993718954967335,
        "reward": 1.0
    },
    "35": {
        "latency_s": 29.618938307045028,
        "reward": 1.0
    },
    "157": {
        "latency_s": 25.28783719596686,
        "reward": 0.0
    },
    "7": {
        "latency_s": 28.860816816973966,
        "reward": 1.0
    },
    "53": {
        "latency_s": 20.052716316014994,
        "reward": 1.0
    },
    "60": {
        "latency_s": 29.69863602000987,
        "reward": 1.0
    },
    "94": {
        "latency_s": 27.66050100501161,
        "reward": 1.0
    },
    "40": {
        "latency_s": 20.888667404011358,
        "reward": 1.0
    },
    "38": {
        "latency_s": 36.76102074398659,
        "reward": 1.0
    },
    "116": {
        "latency_s": 24.286414792004507,
        "reward": 1.0
    },
    "55": {
        "latency_s": 25.412770589988213,
        "reward": 1.0
    },
    "15": {
        "latency_s": 19.65686009300407,
        "reward": 1.0
    },
    "52": {
        "latency_s": 29.473757778992876,
        "reward": 1.0
    },
    "57": {
        "latency_s": 54.32175508205546,
        "reward": 1.0
    },
    "50": {
        "latency_s": 71.62836455798242,
        "reward": 1.0
    },
    "82": {
        "latency_s": 31.449428273015656,
        "reward": 1.0
    },
    "147": {
        "latency_s": 28.956706744036637,
        "reward": 1.0
    },
    "110": {
        "latency_s": 116.33322860003682,
        "reward": 0.0
    },
    "166": {
        "latency_s": 42.93612516100984,
        "reward": 0.0
    },
    "144": {
        "latency_s": 50.52932248095749,
        "reward": 0.0
    },
    "142": {
        "latency_s": 42.25336591299856,
        "reward": 1.0
    },
    "155": {
        "latency_s": 40.823488178953994,
        "reward": 0.0
    },
    "123": {
        "latency_s": 12.053919527039398,
        "reward": 1.0
    },
    "134": {
        "latency_s": 77.23238170897821,
        "reward": 0.0
    },
    "70": {
        "latency_s": 17.336181036022026,
        "reward": 1.0
    },
    "140": {
        "latency_s": 99.71493988804286,
        "reward": 0.0
    },
    "88": {
        "latency_s": 154.4166395930224,
        "reward": 0.0
    },
    "61": {
        "latency_s": 42.54897981102113,
        "reward": 1.0
    },
    "9": {
        "latency_s": 38.57823379000183,
        "reward": 1.0
    },
    "96": {
        "latency_s": 21.84639087598771,
        "reward": 1.0
    },
    "31": {
        "latency_s": 39.93446390499594,
        "reward": 1.0
    },
    "102": {
        "latency_s": 74.03549908101559,
        "reward": 1.0
    },
    "4": {
        "latency_s": 148.6770625100471,
        "reward": 0.0
    },
    "95": {
        "latency_s": 164.8200849359855,
        "reward": 0.0
    },
    "23": {
        "latency_s": 16.950857893039938,
        "reward": 1.0
    },
    "25": {
        "latency_s": 42.77347492997069,
        "reward": 1.0
    },
    "156": {
        "latency_s": 51.508040275017265,
        "reward": 0.0
    },
    "167": {
        "latency_s": 51.815643476031255,
        "reward": 0.0
    },
    "145": {
        "latency_s": 66.45444389496697,
        "reward": 0.0
    },
    "152": {
        "latency_s": 156.81568567099748,
        "reward": 0.0
    },
    "115": {
        "latency_s": 52.17610375600634,
        "reward": 0.0
    },
    "165": {
        "latency_s": 85.07430767500773,
        "reward": 0.0
    },
    "120": {
        "latency_s": 53.912703298032284,
        "reward": 0.0
    },
    "135": {
        "latency_s": 55.138948827050626,
        "reward": 0.0
    },
    "154": {
        "latency_s": 131.75814271601848,
        "reward": 0.0
    },
    "160": {
        "latency_s": 50.28145097702509,
        "reward": 0.0
    },
    "130": {
        "latency_s": 71.57550777500728,
        "reward": 0.0
    },
    "37": {
        "latency_s": 22.48887023702264,
        "reward": 1.0
    },
    "128": {
        "latency_s": 73.22003241098719,
        "reward": 0.0
    },
    "100": {
        "latency_s": 38.315393963013776,
        "reward": 1.0
    },
    "131": {
        "latency_s": 50.684192761953454,
        "reward": 0.0
    },
    "119": {
        "latency_s": 72.10150164196966,
        "reward": 1.0
    },
    "146": {
        "latency_s": 122.81779258896131,
        "reward": 0.0
    },
    "159": {
        "latency_s": 119.39712318399688,
        "reward": 0.0
    },
    "137": {
        "latency_s": 76.87939839198953,
        "reward": 0.0
    },
    "33": {
        "latency_s": 95.92282518697903,
        "reward": 0.0
    },
    "113": {
        "latency_s": 111.39521956496174,
        "reward": 0.0
    },
    "114": {
        "latency_s": 71.90182356204605,
        "reward": 0.0
    },
    "107": {
        "latency_s": 8.76197290699929,
        "reward": 1.0
    },
    "136": {
        "latency_s": 138.2495844049845,
        "reward": 0.0
    },
    "46": {
        "latency_s": 36.726042592024896,
        "reward": 1.0
    },
    "171": {
        "latency_s": 50.57608342904132,
        "reward": 0.0
    },
    "109": {
        "latency_s": 84.69005629600724,
        "reward": 1.0
    },
    "3": {
        "latency_s": 140.05173035303596,
        "reward": 0.0
    },
    "17": {
        "latency_s": 136.80555351701332,
        "reward": 0.0
    },
    "67": {
        "latency_s": 133.77404722798383,
        "reward": 0.0
    },
    "164": {
        "latency_s": 72.46465782396263,